Line Station Post 1983 1985 1987 1989 1991 1993 1995 1997 1999 2002 2006 2014 2016 2018,Line,Station,Milepost,1/1/1983,1/1/1985,1/1/1987,1/1/1989,1/1/1991,1/1/1993,1/1/1995,1/1/1997,1/1/1999,1/1/2002,1/1/2006,1/1/2014,1/1/2016,1/1/2018,Latitude,Longitude,StationLevelChange83,StationDelta99,,,,
Reference,ZReference,Moline,50.00,50000,50000,50000,50000,50000,50000,50000,50000,50000,50000,50000,50000,50000,50000,41.505745,-90.47735,,,,,,
"BNSF UnionStation 0.0 18,545 20,005 21,361 22,620 21,980 21,995 22,546 24,200 25,355 25,114 26,547 26,077 26,615 26,305",BNSF,UnionStation,0,18545,20005,21361,22620,21980,21995,22546,24200,25355,25114,26547,26077,26615,26305,41.878646,-87.639817,42%,4%,950,,,
"UP-NW OgilvieTransCtr. 0.0 13,737 13,517 15,037 15,778 15,809 16,516 15,954 15,253 15,603 14,542 14,886 15,938 16,395 16,969",UP-NW,OgilvieTransCtr.,0,13737,13517,15037,15778,15809,16516,15954,15253,15603,14542,14886,15938,16395,16969,41.890416,-88.464151,24%,9%,,,,
"UP-W OgilvieTransCtr 0.0 10,769 10,843 12,372 12,736 12,544 12,758 13,299 12,770 12,383 11,594 11,743 12,781 13,451 13,119",UP-W,OgilvieTransCtr,0,10769,10843,12372,12736,12544,12758,13299,12770,12383,11594,11743,12781,13451,13119,,,22%,6%,,,,
"RI-Main LaSalleStreetStation 0.0 10,286 11,464 13,248 15,018 14,730 14,877 14,867 15,002 16,336 16,868 17,026 13,239 12,656 12,606",RI-Main,LaSalleStreetStation,0,10286,11464,13248,15018,14730,14877,14867,15002,16336,16868,17026,13239,12656,12606,41.655166,-87.678015,23%,-23%,,,,
"UP-N OgilvieTransCtr 0.0 8,437 8,899 10,113 10,216 10,792 10,689 10,455 10,714 11,209 10,595 10,935 10,833 12,566 12,412",UP-N,OgilvieTransCtr,0,8437,8899,10113,10216,10792,10689,10455,10714,11209,10595,10935,10833,12566,12412,42.419673,-88.617845,47%,11%,,,,
"MD-N UnionStation 0.0 5,805 6,483 6,801 7,329 7,802 8,729 8,930 8,541 9,300 8,903 9,776 9,870 10,072 10,326",MD-N,UnionStation,0,5805,6483,6801,7329,7802,8729,8930,8541,9300,8903,9776,9870,10072,10326,41.878646,-87.639817,78%,11%,,,,
"MD-W UnionStation 0.0 6,548 7,264 8,071 8,649 8,875 9,703 10,167 10,313 10,356 9,693 10,144 10,011 10,310 9,766",MD-W,UnionStation,0,6548,7264,8071,8649,8875,9703,10167,10313,10356,9693,10144,10011,10310,9766,41.878646,-87.639817,49%,-6%,,,,
"ME-Main MillenniumStation 0.0 12,112 13,868 13,516 14,705 15,032 14,121 13,846 13,768 14,209 13,533 13,152 10,353 9,798 9,292",ME-Main,MillenniumStation,0,12112,13868,13516,14705,15032,14121,13846,13768,14209,13533,13152,10353,9798,9292,41.884414,-87.623775,-23%,-35%,,,,
"BNSF Route59 31.6 0 0 0 1,112 1,740 2,011 2,556 3,322 4,178 5,001 5,793 5,874 5,781 6,339",BNSF,Route59,31.60,0,0,0,1112,1740,2011,2556,3322,4178,5001,5793,5874,5781,6339,41.777684,-88.209858,#DIV/0!,52%,2161,,,
"BNSF Naperville 28.5 2,571 3,251 3,791 3,510 3,150 3,196 3,271 3,516 4,040 3,734 4,112 4,002 4,107 4,015",BNSF,Naperville,28.50,2571,3251,3791,3510,3150,3196,3271,3516,4040,3734,4112,4002,4107,4015,41.779445,-88.146502,56%,-1%,-25,,,
"NCS UnionStation 0.0 0 0 0 0 0 0 0 1,708 1,905 1,893 2,173 2,799 2,772 2,825",NCS,UnionStation,0,0,0,0,0,0,0,0,1708,1905,1893,2173,2799,2772,2825,41.878646,-87.639817,#DIV/0!,48%,,,,
"ME-Main VanBurenStreet 0.8 5,151 5,682 6,099 6,468 5,546 5,735 5,589 5,796 6,093 5,360 4,671 3,422 3,141 2,734",ME-Main,VanBurenStreet,0.8,5151,5682,6099,6468,5546,5735,5589,5796,6093,5360,4671,3422,3141,2734,41.87723,-87.62259,-47%,-55%,,,,
"UP-N Ravenswood 6.5 307 353 511 562 663 747 878 914 1,246 1,455 1,940 2,363 2,721 2,630",UP-N,Ravenswood,6.50,307,353,511,562,663,747,878,914,1246,1455,1940,2363,2721,2630,41.917235,-87.667665,757%,111%,,,,
"UP-W Elmhurst 15.7 1,521 1,635 1,787 1,783 1,704 1,730 1,768 1,805 1,776 1,785 1,833 2,313 2,344 2,540",UP-W,Elmhurst,15.70,1521,1635,1787,1783,1704,1730,1768,1805,1776,1785,1833,2313,2344,2540,41.896377,-87.915753,67%,43%,,,,
"UP-NW ArlingtonHeights 22.8 2,764 2,727 2,953 3,179 3,129 3,001 2,833 2,572 2,579 2,496 2,317 2,349 2,578 2,506",UP-NW,ArlingtonHeights,22.80,2764,2727,2953,3179,3129,3001,2833,2572,2579,2496,2317,2349,2578,2506,42.063038,-87.93562,-9%,-3%,,,,
"BNSF DownersGroveMainSt 21.2 1,830 2,051 2,090 2,261 2,044 2,021 2,023 2,205 2,277 2,371 2,328 2,473 2,376 2,492",BNSF,DownersGroveMainSt,21.20,1830,2051,2090,2261,2044,2021,2023,2205,2277,2371,2328,2473,2376,2492,41.795643,-88.010319,36%,9%,215,,,
"UP-NW Palatine 26.4 1,632 1,586 1,919 2,104 2,010 2,092 1,957 2,092 2,091 1,894 2,105 2,334 2,378 2,482",UP-NW,Palatine,26.40,1632,1586,1919,2104,2010,2092,1957,2092,2091,1894,2105,2334,2378,2482,42.095538,-88.008963,52%,19%,,,,
"RI-Main 80thAvenueTinleyPark 25.1 632 759 1,178 1,246 1,268 1,148 1,240 1,585 1,822 2,297 2,459 1,932 2,050 2,064",RI-Main,80thAvenueTinleyPark,25.10,632,759,1178,1246,1268,1148,1240,1585,1822,2297,2459,1932,2050,2064,41.564086,-87.809137,227%,13%,,,,
"UP-W GlenEllyn 22.4 1,971 1,999 2,280 2,186 2,070 1,948 1,844 1,949 1,889 1,665 1,537 1,765 1,734 1,929",UP-W,GlenEllyn,22.40,1971,1999,2280,2186,2070,1948,1844,1949,1889,1665,1537,1765,1734,1929,41.886248,-88.01899,-2%,2%,,,,
"BNSF Lisle 24.5 2,330 2,219 2,150 2,222 2,227 2,280 2,390 2,648 2,576 2,204 2,472 1,993 1,789 1,895",BNSF,Lisle,24.50,2330,2219,2150,2222,2227,2280,2390,2648,2576,2204,2472,1993,1789,1895,41.797808,-88.071683,-19%,-26%,-681,,,
"UP-NW MountProspect 20.0 2,146 2,220 2,253 2,147 2,073 2,055 1,899 1,754 1,804 1,655 1,590 1,774 1,816 1,879",UP-NW,MountProspect,20.00,2146,2220,2253,2147,2073,2055,1899,1754,1804,1655,1590,1774,1816,1879,42.052845,-87.911628,-12%,4%,,,,
"UP-N DavisStEvanston 12.0 565 709 787 951 1,073 1,124 1,208 1,322 1,395 1,439 1,854 2,070 1,939 1,876",UP-N,DavisStEvanston,12.00,565,709,787,951,1073,1124,1208,1322,1395,1439,1854,2070,1939,1876,42.03366,-87.679961,232%,34%,,,,
"BNSF Aurora 37.5 834 905 985 1,056 1,014 1,033 1,184 1,387 1,467 1,646 2,180 2,107 1,936 1,856",BNSF,Aurora,37.50,834,905,985,1056,1014,1033,1184,1387,1467,1646,2180,2107,1936,1856,41.760169,-88.30885,123%,27%,389,,,
"UP-W Geneva 35.5 872 955 1,124 1,290 1,366 1,370 1,623 1,607 1,642 1,698 1,562 1,732 1,708 1,742",UP-W,Geneva,35.50,872,955,1124,1290,1366,1370,1623,1607,1642,1698,1562,1732,1708,1742,41.880776,-88.199173,100%,6%,,,,
"UP-NW ArlingtonPark 24.4 1,430 1,479 1,834 1,845 1,829 1,945 1,957 1,980 1,904 1,665 1,614 1,672 1,697 1,738",UP-NW,ArlingtonPark,24.40,1430,1479,1834,1845,1829,1945,1957,1980,1904,1665,1614,1672,1697,1738,42.084427,-87.983629,22%,-9%,,,,
"UP-NW Barrington 31.9 1,564 1,631 1,945 1,838 1,748 1,859 1,831 1,758 1,745 1,724 1,724 1,717 1,738 1,725",UP-NW,Barrington,31.90,1564,1631,1945,1838,1748,1859,1831,1758,1745,1724,1724,1717,1738,1725,42.112776,-88.048512,10%,-1%,,,,
"UP-N Wilmette 14.4 1,175 1,245 1,375 1,465 1,473 1,465 1,505 1,484 1,494 1,363 1,379 1,120 1,614 1,653",UP-N,Wilmette,14.40,1175,1245,1375,1465,1473,1465,1505,1484,1494,1363,1379,1120,1614,1653,42.064077,-87.697643,41%,11%,,,,
"UP-W Wheaton 25.0 1,770 1,901 2,132 2,133 2,115 2,188 2,027 1,990 1,865 1,655 1,661 1,506 1,577 1,618",UP-W,Wheaton,25.00,1770,1901,2132,2133,2115,2188,2027,1990,1865,1655,1661,1506,1577,1618,41.867943,-88.089851,-9%,-13%,,,,
"MD-W Schaumburg 26.5 480 693 961 1,147 1,238 1,363 1,569 1,647 1,733 1,609 1,698 1,737 1,727 1,583",MD-W,Schaumburg,26.50,480,693,961,1147,1238,1363,1569,1647,1733,1609,1698,1737,1727,1583,41.988652,-88.117912,230%,-9%,,,,
"UP-W Lombard 19.9 1,418 1,360 1,385 1,146 1,123 1,261 1,211 1,285 1,269 1,213 1,281 1,321 1,343 1,502",UP-W,Lombard,19.90,1418,1360,1385,1146,1123,1261,1211,1285,1269,1213,1281,1321,1343,1502,41.896248,-87.97727,6%,18%,,,,
"MD-N Glenview 17.4 1,218 1,329 1,546 1,512 1,450 1,425 1,423 1,423 1,646 1,390 1,611 1,444 1,439 1,462",MD-N,Glenview,17.40,1218,1329,1546,1512,1450,1425,1423,1423,1646,1390,1611,1444,1439,1462,42.074583,-87.805016,20%,-11%,,,,
"BNSF LaGrangeRoad 13.8 1,496 1,529 1,567 1,548 1,423 1,360 1,388 1,366 1,496 1,353 1,352 1,468 1,340 1,452",BNSF,LaGrangeRoad,13.80,1496,1529,1567,1548,1423,1360,1388,1366,1496,1353,1352,1468,1340,1452,41.814389,-87.87849,-3%,-3%,-44,,,
"MD-W Roselle 23.9 1,455 1,621 1,736 1,827 1,760 1,797 1,620 1,628 1,617 1,298 1,500 1,277 1,455 1,448",MD-W,Roselle,23.90,1455,1621,1736,1827,1760,1797,1620,1628,1617,1298,1500,1277,1455,1448,41.981826,-88.066585,0%,-10%,,,,
"BNSF Belmont 22.6 1,204 1,400 1,460 1,511 1,410 1,392 1,418 1,495 1,515 1,450 1,414 1,325 1,472 1,408",BNSF,Belmont,22.60,1204,1400,1460,1511,1410,1392,1418,1495,1515,1450,1414,1325,1472,1408,41.795562,-88.0379,17%,-7%,-107,,,
"UP-N RogersPark 9.4 464 511 611 742 881 924 877 977 1,072 973 1,176 1,498 1,389 1,393",UP-N,RogersPark,9.40,464,511,611,742,881,924,877,977,1072,973,1176,1498,1389,1393,41.968028,-87.674249,200%,30%,,,,
"UP-N CentralStEvanston 13.3 771 845 1,039 1,118 1,317 1,226 1,210 1,161 1,246 1,276 1,234 1,197 1,428 1,346",UP-N,CentralStEvanston,13.30,771,845,1039,1118,1317,1226,1210,1161,1246,1276,1234,1197,1428,1346,42.04809,-87.684591,75%,8%,,,,
"HC UnionStation 0.0 499 588 827 858 748 678 631 668 905 1,180 1,421 1,188 1,222 1,333",HC,UnionStation,0,499,588,827,858,748,678,631,668,905,1180,1421,1188,1222,1333,41.878646,-87.639817,167%,47%,,,,
"MD-N Northbrook 21.1 1,213 1,406 1,361 1,430 1,458 1,612 1,546 1,459 1,505 1,349 1,323 1,334 1,392 1,259",MD-N,Northbrook,21.10,1213,1406,1361,1430,1458,1612,1546,1459,1505,1349,1323,1334,1392,1259,42.126135,-87.827975,4%,-16%,,,,
"MD-W HanoverPark 28.4 738 765 855 1,150 1,171 1,455 1,356 1,460 1,506 1,431 1,482 1,414 1,486 1,238",MD-W,HanoverPark,28.40,738,765,855,1150,1171,1455,1356,1460,1506,1431,1482,1414,1486,1238,41.987663,-88.149068,68%,-18%,,,,
"UP-NW DesPlaines 17.1 1,145 1,141 1,159 1,252 1,146 1,237 1,117 1,111 1,148 991 1,085 1,221 1,142 1,209",UP-NW,DesPlaines,17.10,1145,1141,1159,1252,1146,1237,1117,1111,1148,991,1085,1221,1142,1209,42.024483,-87.855931,6%,5%,,,,
"SWS OakLawPatriotStation 15.2 443 486 704 813 793 727 713 701 756 788 1,157 1,246 1,329 1,186",SWS,OakLawPatriotStation,15.20,443,486,704,813,793,727,713,701,756,788,1157,1246,1329,1186,41.719545,-87.749095,168%,57%,,,,
"ME-Main Homewood 23.5 1,602 1,625 1,715 1,880 1,715 1,623 1,584 1,566 1,578 1,466 1,456 1,244 1,308 1,171",ME-Main,Homewood,23.50,1602,1625,1715,1880,1715,1623,1584,1566,1578,1466,1456,1244,1308,1171,41.562499,-87.667854,-27%,-26%,,,,
"UP-NW ParkRidge 13.5 908 850 801 917 818 900 820 874 922 932 897 954 1,043 1,168",UP-NW,ParkRidge,13.50,908,850,801,917,818,900,820,874,922,932,897,954,1043,1168,42.002908,-87.817377,29%,27%,,,,
"MD-N GlenofNorthGlenview 18.8 0 0 0 0 0 0 0 0 0 448 770 1,097 1,070 1,163",MD-N,GlenofNorthGlenview,18.80,0,0,0,0,0,0,0,0,0,448,770,1097,1070,1163,42.096941,-87.816002,#DIV/0!,#DIV/0!,,,,
"BNSF Hinsdale 16.9 1,155 1,196 1,194 1,223 1,113 1,163 1,231 1,215 1,156 1,047 1,065 1,168 1,160 1,155",BNSF,Hinsdale,16.90,1155,1196,1194,1223,1113,1163,1231,1215,1156,1047,1065,1168,1160,1155,41.802904,-87.927902,0%,0%,-1,,,
"UP-NW CrystalLake 43.2 907 954 1,084 1,105 1,248 1,316 1,463 1,495 1,501 1,579 1,370 1,238 1,199 1,138",UP-NW,CrystalLake,43.20,907,954,1084,1105,1248,1316,1463,1495,1501,1579,1370,1238,1199,1138,42.234048,-88.297413,25%,-24%,,,,
"ME-Main Kensington115thSt. 14.5 840 771 843 1,007 1,162 1,116 1,044 1,249 1,378 1,310 1,577 1,081 1,120 1,136",ME-Main,Kensington115thSt.,14.50,840,771,843,1007,1162,1116,1044,1249,1378,1310,1577,1081,1120,1136,41.685406,-87.612944,35%,-18%,,,,
"BNSF WesternSprings 15.5 1,022 1,151 1,121 1,118 1,166 1,151 1,138 1,081 1,179 1,065 1,093 1,113 1,133 1,134",BNSF,WesternSprings,15.50,1022,1151,1121,1118,1166,1151,1138,1081,1179,1065,1093,1113,1133,1134,41.809268,-87.90129,11%,-4%,-45,,,
"MD-N Deerfield 24.2 1,185 1,439 1,447 1,528 1,669 1,676 1,765 1,307 1,279 1,286 1,315 1,247 1,282 1,133",MD-N,Deerfield,24.20,1185,1439,1447,1528,1669,1676,1765,1307,1279,1286,1315,1247,1282,1133,42.167372,-87.85012,-4%,-11%,,,,
"ME-Main 55th-56th-57thSt. 7.0 533 478 527 542 531 574 609 602 677 502 1,591 1,677 1,542 1,133",ME-Main,55th-56th-57thSt.,7.00,533,478,527,542,531,574,609,602,677,502,1591,1677,1542,1133,41.792688,-87.588225,113%,67%,,,,
"UP-N MainStEvanston 11.0 481 556 667 697 820 726 773 756 933 769 869 1,093 1,133 1,130",UP-N,MainStEvanston,11.00,481,556,667,697,820,726,773,756,933,769,869,1093,1133,1130,42.008816,-87.675312,135%,21%,,,,
"RI-Main OakForest 20.4 1,019 1,299 1,570 1,495 1,447 1,422 1,508 1,594 1,672 1,591 1,487 1,141 1,136 1,091",RI-Main,OakForest,20.40,1019,1299,1570,1495,1447,1422,1508,1594,1672,1591,1487,1141,1136,1091,41.604234,-87.737203,7%,-35%,,,,
"MD-N LakeCookRoad 23.0 0 0 0 0 0 0 0 740 1,128 1,154 1,406 1,263 1,271 1,086",MD-N,LakeCookRoad,23.00,0,0,0,0,0,0,0,740,1128,1154,1406,1263,1271,1086,42.151211,-87.841193,#DIV/0!,-4%,,,,
"BNSF Westmont 19.5 1,305 1,314 1,268 1,273 1,254 1,275 1,290 1,292 1,282 1,243 1,168 1,070 1,058 1,083",BNSF,Westmont,19.50,1305,1314,1268,1273,1254,1275,1290,1292,1282,1243,1168,1070,1058,1083,41.795751,-87.976401,-17%,-16%,-199,,,
"RI-Main HickoryCreek 27.5 0 0 0 0 0 609 801 719 943 1,135 1,236 992 999 1,079",RI-Main,HickoryCreek,27.50,0,0,0,0,0,609,801,719,943,1135,1236,992,999,1079,41.548477,-87.845485,#DIV/0!,14%,,,,
"ME-Main Calumet 22.8 764 944 1,052 1,351 1,145 1,097 1,124 1,143 1,128 1,117 1,363 1,187 989 1,077",ME-Main,Calumet,22.80,764,944,1052,1351,1145,1097,1124,1143,1128,1117,1363,1187,989,1077,41.573865,-87.662382,41%,-5%,,,,
"ME-Main RichtonPark 29.3 1,140 1,586 1,619 1,680 1,607 1,685 1,651 1,716 1,665 1,579 1,625 1,315 1,179 1,059",ME-Main,RichtonPark,29.30,1140,1586,1619,1680,1607,1685,1651,1716,1665,1579,1625,1315,1179,1059,41.485532,-87.709095,-7%,-36%,,,,
"UP-W CollegeAvenue 23.8 838 838 993 946 999 970 1,031 973 981 840 952 1,057 918 1,059",UP-W,CollegeAvenue,23.80,838,838,993,946,999,970,1031,973,981,840,952,1057,918,1059,41.876275,-88.064494,26%,8%,,,,
"RI-Main NewLenox 34.0 301 360 562 605 646 732 823 861 897 1,076 1,348 1,146 1,115 1,046",RI-Main,NewLenox,34.00,301,360,562,605,646,732,823,861,897,1076,1348,1146,1115,1046,41.514774,-87.965211,248%,17%,,,,
"UP-N HighlandPark 23.0 970 1,204 1,155 1,166 1,240 1,171 1,118 1,133 1,124 1,107 1,118 875 978 1,005",UP-N,HighlandPark,23.00,970,1204,1155,1166,1240,1171,1118,1133,1124,1107,1118,875,978,1005,42.165095,-87.782617,4%,-11%,,,,
"UP-W OakParkMarionSt 8.5 344 374 566 841 1,032 1,307 1,910 1,237 1,038 960 1,025 1,129 905 991",UP-W,OakParkMarionSt,8.50,344,374,566,841,1032,1307,1910,1237,1038,960,1025,1129,905,991,41.888521,-87.706025,188%,-5%,,,,
"MD-W Bartlett 30.1 669 712 805 915 1,075 1,109 1,213 1,184 1,173 1,027 1,064 1,081 1,071 988",MD-W,Bartlett,30.10,669,712,805,915,1075,1109,1213,1184,1173,1027,1064,1081,1071,988,41.991459,-88.184173,48%,-16%,,,,
"MD-N MortonGrove 14.3 451 538 583 539 672 710 772 825 989 943 966 1,054 969 967",MD-N,MortonGrove,14.30,451,538,583,539,672,710,772,825,989,943,966,1054,969,967,42.034483,-87.784906,114%,-2%,,,,
"BNSF LaGrangeStoneAve. 14.2 1,017 985 1,089 1,101 1,171 1,078 1,090 1,153 1,123 999 988 1,026 1,046 946",BNSF,LaGrangeStoneAve.,14.20,1017,985,1089,1101,1171,1078,1090,1153,1123,999,988,1026,1046,946,41.814346,-87.878447,-7%,-16%,-177,,,
"RI-Main Midlothian 18.4 864 1,025 1,133 1,194 1,218 1,183 1,262 1,135 1,144 1,179 1,230 950 1,015 938",RI-Main,Midlothian,18.40,864,1025,1133,1194,1218,1183,1262,1135,1144,1179,1230,950,1015,938,41.626339,-87.710741,9%,-18%,,,,
"RI-Main TinleyPark 23.5 910 967 1,106 1,397 1,356 1,350 1,331 1,169 1,247 1,193 1,232 983 1,060 917",RI-Main,TinleyPark,23.50,910,967,1106,1397,1356,1350,1331,1169,1247,1193,1232,983,1060,917,41.575579,-87.782475,1%,-26%,,,,
"UP-NW Cary 38.6 457 478 516 615 732 853 973 899 951 1,035 988 873 941 883",UP-NW,Cary,38.60,457,478,516,615,732,853,973,899,951,1035,988,873,941,883,42.197559,-88.219855,93%,-7%,,,,
"UP-W VillaPark 17.8 1,289 1,206 1,328 1,219 1,138 1,055 973 1,015 949 914 835 841 828 870",UP-W,VillaPark,17.80,1289,1206,1328,1219,1138,1055,973,1015,949,914,835,841,828,870,41.899124,-87.940191,-33%,-8%,,,,
"ME-Main Flossmoor 24.9 1,273 1,552 1,514 1,416 1,328 1,285 1,286 1,146 1,064 1,018 1,002 830 824 859",ME-Main,Flossmoor,24.90,1273,1552,1514,1416,1328,1285,1286,1146,1064,1018,1002,830,824,859,41.543359,-87.678218,-33%,-19%,,,,
UP-NW Clybourn 2.9 272 261 305 466 408 486 575 460 531 529 769 693 857 839,UP-NW,Clybourn,2.90,272,261,305,466,408,486,575,460,531,529,769,693,857,839,,,208%,58%,,,,
UP-N Clybourn 2.9 110 124 181 221 268 368 424 419 479 491 697 906 974 835,UP-N,Clybourn,2.90,110,124,181,221,268,368,424,419,479,491,697,906,974,835,,,659%,74%,,,,
"ME-Main 147thSt 19.0 990 1,123 1,321 1,591 1,609 1,435 1,338 1,334 1,411 1,349 1,255 1,060 984 829",ME-Main,147thSt,19.00,990,1123,1321,1591,1609,1435,1338,1334,1411,1349,1255,1060,984,829,41.622887,-87.635732,-16%,-41%,,,,
"ME-Main 59thStUnivofChicago 7.4 513 749 770 856 1,018 1,117 1,136 1,199 1,484 1,382 517 484 674 812",ME-Main,59thStUnivofChicago,7.40,513,749,770,856,1018,1117,1136,1199,1484,1382,517,484,674,812,41.787329,-87.588547,58%,-45%,,,,
"ME-Main UniversityPark 31.5 411 475 628 782 790 772 912 851 1,009 1,004 1,243 939 907 808",ME-Main,UniversityPark,31.50,411,475,628,782,790,772,912,851,1009,1004,1243,939,907,808,41.45949,-87.722835,97%,-20%,,,,
"MD-N Libertyville 35.5 702 817 1,010 1,080 1,139 1,228 1,222 1,089 1,118 1,119 1,169 826 825 801",MD-N,Libertyville,35.50,702,817,1010,1080,1139,1228,1222,1089,1118,1119,1169,826,825,801,42.290683,-87.956764,14%,-28%,,,,
"BNSF ClarendonHills 18.3 1,078 1,032 1,117 1,011 986 990 928 902 957 885 799 808 806 799",BNSF,ClarendonHills,18.30,1078,1032,1117,1011,986,990,928,902,957,885,799,808,806,799,41.797372,-87.953558,-26%,-17%,-158,,,
RI-Main Joliet 40.0 193 207 307 299 373 380 476 480 577 715 958 866 768 776,RI-Main,Joliet,40.00,193,207,307,299,373,380,476,480,577,715,958,866,768,776,41.524219,-88.078997,302%,34%,,,,
"UP-N Waukegan 35.9 553 614 644 694 780 752 841 806 925 893 1,030 910 911 764",UP-N,Waukegan,35.90,553,614,644,694,780,752,841,806,925,893,1030,910,911,764,42.334961,-87.834067,38%,-17%,,,,
UP-N Winnetka 16.6 673 656 671 672 689 695 721 668 660 630 562 485 737 754,UP-N,Winnetka,16.60,673,656,671,672,689,695,721,668,660,630,562,485,737,754,42.094641,-87.723114,12%,14%,,,,
UP-NW EdisonPark 12.6 383 328 360 425 402 544 518 541 547 593 536 646 694 752,UP-NW,EdisonPark,12.60,383,328,360,425,402,544,518,541,547,593,536,646,694,752,41.991227,-87.799655,96%,37%,,,,
UP-N LakeForest 28.3 644 715 729 753 700 721 652 661 689 726 725 727 717 747,UP-N,LakeForest,28.30,644,715,729,753,700,721,652,661,689,726,725,727,717,747,42.217891,-87.820801,16%,8%,,,,
"RI-Branch 103rdStBeverlyHills 12.8 1,085 1,216 1,206 1,205 1,081 1,036 1,026 987 969 977 931 767 759 734",RI-Branch,103rdStBeverlyHills,12.80,1085,1216,1206,1205,1081,1036,1026,987,969,977,931,767,759,734,41.706055,-87.668824,-32%,-24%,,,,
UP-N Glencoe 19.2 748 809 873 841 784 789 770 774 786 724 708 457 715 732,UP-N,Glencoe,19.20,748,809,873,841,784,789,770,774,786,724,708,457,715,732,42.118312,-87.743256,-2%,-7%,,,,
UP-NW PingreeRoad 41.7 0 0 0 0 0 0 0 0 0 0 581 744 751 707,UP-NW,PingreeRoad,41.70,0,0,0,0,0,0,0,0,0,0,581,744,751,707,42.208683,-88.241878,#DIV/0!,#DIV/0!,,,,
MD-N Edgebrook 11.6 197 266 328 337 385 527 587 586 578 624 544 504 609 701,MD-N,Edgebrook,11.60,197,266,328,337,385,527,587,586,578,624,544,504,609,701,41.997338,-87.766066,256%,21%,,,,
MD-W BigTimberRoad 39.8 0 0 41 33 124 128 347 385 482 581 803 782 789 699,MD-W,BigTimberRoad,39.80,0,0,41,33,124,128,347,385,482,581,803,782,789,699,42.058457,-88.327529,#DIV/0!,45%,,,,
NCS BuffaloGrove 29.5 0 0 0 0 0 0 0 534 599 547 545 621 590 695,NCS,BuffaloGrove,29.50,0,0,0,0,0,0,0,534,599,547,545,621,590,695,42.168763,-87.94081,#DIV/0!,16%,,,,
ME-Main OlympiaFields 26.6 265 405 338 310 247 243 255 206 204 186 473 665 643 679,ME-Main,OlympiaFields,26.60,265,405,338,310,247,243,255,206,204,186,473,665,643,679,41.520774,-87.690298,156%,233%,,,,
ME-Main 53rdStHydePark 6.5 427 641 570 656 629 625 691 769 802 582 571 496 642 671,ME-Main,53rdStHydePark,6.50,427,641,570,656,629,625,691,769,802,582,571,496,642,671,41.800911,-87.586658,57%,-16%,,,,
BNSF Berwyn 9.6 852 803 882 867 811 869 921 804 860 844 718 732 632 669,BNSF,Berwyn,9.60,852,803,882,867,811,869,921,804,860,844,718,732,632,669,41.833395,-87.793597,-21%,-22%,-191,,,
UP-N LakeBluff 30.2 307 302 374 328 357 390 379 425 420 504 519 626 681 647,UP-N,LakeBluff,30.20,307,302,374,328,357,390,379,425,420,504,519,626,681,647,42.252346,-87.838843,111%,54%,,,,
RI-Branch 99thStBeverlyHills 12.3 614 767 839 941 827 755 721 773 756 759 679 621 725 645,RI-Branch,99thStBeverlyHills,12.30,614,767,839,941,827,755,721,773,756,759,679,621,725,645,41.713939,-87.66729,5%,-15%,,,,
MD-N LakeForest 28.4 193 249 325 408 522 680 674 608 717 576 578 570 548 607,MD-N,LakeForest,28.40,193,249,325,408,522,680,674,608,717,576,578,570,548,607,42.222885,-87.87501,215%,-15%,,,,
MD-W WoodDale 19.1 497 563 579 708 614 666 672 709 719 551 639 608 624 596,MD-W,WoodDale,19.10,497,563,579,708,614,666,672,709,719,551,639,608,624,596,41.961756,-87.975444,20%,-17%,,,,
"RI-Main/Br. VermontStBlueIsland 16.0 679 739 914 947 780 881 904 1,030 954 931 1,148 645 688 595",RI-Main,VermontStBlueIsland,16.00,679,739,914,947,780,881,904,1030,954,931,1148,645,688,595,41.684861,-87.664093,-12%,-38%,,,,
UP-NW DeeRoad 15.0 397 373 432 416 403 489 428 389 438 388 446 570 515 594,UP-NW,DeeRoad,15.00,397,373,432,416,403,489,428,389,438,388,446,570,515,594,42.010562,-87.831135,50%,36%,,,,
"ME-Main Matteson 28.2 1,080 1,295 1,492 1,372 1,068 1,079 937 907 975 922 879 592 507 591",ME-Main,Matteson,28.20,1080,1295,1492,1372,1068,1079,937,907,975,922,879,592,507,591,41.498326,-87.702143,-45%,-39%,,,,
SWS OrlandPark143rd 23.6 135 151 359 418 305 294 319 249 315 241 234 493 548 591,SWS,OrlandPark143rd,23.60,135,151,359,418,305,294,319,249,315,241,234,493,548,591,41.63035,-87.859822,338%,88%,,,,
UP-W WestChicago 29.8 371 386 474 464 485 495 520 518 499 585 588 576 527 586,UP-W,WestChicago,29.80,371,386,474,464,485,495,520,518,499,585,588,576,527,586,41.869611,-88.15749,58%,17%,,,,
MD-W NationalStreet 36.0 132 222 183 255 421 439 562 559 618 551 742 700 642 584,MD-W,NationalStreet,36.00,132,222,183,255,421,439,562,559,618,551,742,700,642,584,42.025933,-88.27852,342%,-6%,,,,
RI-Main Mokena 29.6 382 371 504 561 624 488 524 606 655 728 634 572 604 559,RI-Main,Mokena,29.60,382,371,504,561,624,488,524,606,655,728,634,572,604,559,41.531019,-87.888643,46%,-15%,,,,
MD-W Itasca 21.1 444 565 481 491 497 501 546 609 642 518 546 564 601 555,MD-W,Itasca,21.10,444,565,481,491,497,501,546,609,642,518,546,564,601,555,41.97101,-88.014057,25%,-14%,,,,
"RI-Branch 111thStMorganPark 13.8 766 862 946 1,176 1,029 940 796 774 889 875 820 601 587 548",RI-Branch,111thStMorganPark,13.80,766,862,946,1176,1029,940,796,774,889,875,820,601,587,548,41.692716,-87.670313,-28%,-38%,,,,
BNSF Brookfield 12.3 708 691 705 688 618 635 659 633 648 660 604 607 572 546,BNSF,Brookfield,12.30,708,691,705,688,618,635,659,633,648,660,604,607,572,546,41.822312,-87.843442,-23%,-16%,-102,,,
SWS OrlandPark153rd 25.2 0 0 0 0 197 224 290 429 451 512 715 621 604 544,SWS,OrlandPark153rd,25.20,0,0,0,0,197,224,290,429,451,512,715,621,604,544,41.609276,-87.873249,#DIV/0!,21%,,,,
"ME-Main 211thSt 27.6 796 589 672 1,082 1,129 1,126 1,173 1,159 1,279 1,241 1,149 855 727 527",ME-Main,211thSt,27.60,796,589,672,1082,1129,1126,1173,1159,1279,1241,1149,855,727,527,41.505992,-87.698817,-34%,-59%,,,,
"ME-Main Ivanhoe 18.2 1,529 1,570 1,365 1,368 1,213 1,286 1,197 1,163 1,201 1,153 945 697 628 520",ME-Main,Ivanhoe,18.20,1529,1570,1365,1368,1213,1286,1197,1163,1201,1153,945,697,628,520,41.633517,-87.630517,-66%,-57%,,,,
UP-NW JeffersonPark 9.1 441 434 537 548 583 736 740 706 719 749 786 599 656 510,UP-NW,JeffersonPark,9.10,441,434,537,548,583,736,740,706,719,749,786,599,656,510,41.953665,-87.729222,16%,-29%,,,,
UP-N Kenilworth 15.2 444 470 532 456 533 468 446 505 480 435 408 305 500 501,UP-N,Kenilworth,15.20,444,470,532,456,533,468,446,505,480,435,408,305,500,501,42.077136,-87.708901,13%,4%,,,,
UP-W Winfield 27.5 341 465 546 525 562 540 495 538 538 449 503 517 507 496,UP-W,Winfield,27.50,341,465,546,525,562,540,495,538,538,449,503,517,507,496,41.86389,-88.112328,45%,-8%,,,,
BNSF Riverside 11.1 531 570 510 583 468 490 482 492 466 438 416 501 499 493,BNSF,Riverside,11.10,531,570,510,583,468,490,482,492,466,438,416,501,499,493,41.827388,-87.820265,-7%,6%,27,,,
"ME-SC SouthChicago93rdSt. 13.2 635 715 881 997 1,012 1,001 942 997 960 1,108 974 652 619 472",ME-SC,SouthChicago93rdSt.,13.20,635,715,881,997,1012,1001,942,997,960,1108,974,652,619,472,41.727529,-87.547221,-26%,-51%,,,,
"ME-Main Harvey 20.0 1,229 1,574 1,528 1,546 1,470 1,382 1,293 1,266 1,172 1,125 937 640 542 471",ME-Main,Harvey,20.00,1229,1574,1528,1546,1470,1382,1293,1266,1172,1125,937,640,542,471,41.609524,-87.642984,-62%,-60%,,,,
MD-N Grayslake 41.0 196 229 294 269 369 509 691 745 827 871 772 509 494 470,MD-N,Grayslake,41.00,196,229,294,269,369,509,691,745,827,871,772,509,494,470,42.333378,-88.043655,140%,-43%,,,,
UP-NW FoxRiverGrove 37.3 209 195 228 321 350 367 359 370 428 449 422 410 451 462,UP-NW,FoxRiverGrove,37.30,209,195,228,321,350,367,359,370,428,449,422,410,451,462,42.152191,-88.132685,121%,8%,,,,
HC Lemont 25.3 130 171 239 239 245 216 247 252 341 407 381 456 489 455,HC,Lemont,25.30,130,171,239,239,245,216,247,252,341,407,381,456,489,455,41.673712,-88.002802,250%,33%,,,,
BNSF HarlemAvenue 10.1 680 718 758 859 768 788 738 676 698 532 530 497 421 451,BNSF,HarlemAvenue,10.10,680,718,758,859,768,788,738,676,698,532,530,497,421,451,41.831485,-87.802051,-34%,-35%,-247,,,
UP-W RiverForest 9.7 127 146 192 270 292 327 407 375 406 390 367 434 438 448,UP-W,RiverForest,9.70,127,146,192,270,292,327,407,375,406,390,367,434,438,448,41.88743,-87.80206,253%,10%,,,,
RI-Branch 95thStBeverlyHills 11.7 722 760 795 769 676 706 602 637 661 649 604 527 423 443,RI-Branch,95thStBeverlyHills,11.70,722,760,795,769,676,706,602,637,661,649,604,527,423,443,41.721467,-87.667563,-39%,-33%,,,,
UP-NW Cumberland 18.6 685 567 546 604 537 559 543 520 523 393 393 431 455 442,UP-NW,Cumberland,18.60,685,567,546,604,537,559,543,520,523,393,393,431,455,442,42.041102,-87.886012,-35%,-15%,,,,
MD-W Medinah 23.0 194 215 265 249 276 274 407 516 529 399 501 520 573 439,MD-W,Medinah,23.00,194,215,265,249,276,274,407,516,529,399,501,520,573,439,41.978069,-88.050653,126%,-17%,,,,
UP-NW IrvingPark 7.0 175 196 225 248 257 407 414 376 408 451 495 474 443 439,UP-NW,IrvingPark,7.00,175,196,225,248,257,407,414,376,408,451,495,474,443,439,41.91728,-87.667796,151%,8%,,,,
MD-N WesternAvenue 2.9 136 122 88 167 175 152 134 228 288 289 435 411 421 428,MD-N,WesternAvenue,2.90,136,122,88,167,175,152,134,228,288,289,435,411,421,428,41.889606,-87.687831,215%,49%,,,,
SWS PalosPark 20.3 63 111 151 223 188 190 213 204 273 214 387 418 432 424,SWS,PalosPark,20.30,63,111,151,223,188,190,213,204,273,214,387,418,432,424,41.668734,-87.820072,573%,55%,,,,
BNSF FairviewAvenue 20.4 598 635 612 562 537 604 553 572 550 445 403 425 458 415,BNSF,FairviewAvenue,20.40,598,635,612,562,537,604,553,572,550,445,403,425,458,415,41.795805,-87.994071,-31%,-25%,-135,,,
NCS PrairieView 31.6 0 0 0 0 0 0 0 217 232 255 299 345 388 415,NCS,PrairieView,31.60,0,0,0,0,0,0,0,217,232,255,299,345,388,415,42.198353,-87.955036,#DIV/0!,79%,,,,
MD-W Bensenville 17.2 439 476 448 527 447 526 521 501 498 458 450 433 357 414,MD-W,Bensenville,17.20,439,476,448,527,447,526,521,501,498,458,450,433,357,414,41.956172,-87.941026,-6%,-17%,,,,
MD-W Elgin 36.6 390 495 463 465 358 421 373 361 419 554 476 461 436 411,MD-W,Elgin,36.60,390,495,463,465,358,421,373,361,419,554,476,461,436,411,42.035926,-88.285773,5%,-2%,,,,
UP-N Braeside 20.5 301 286 313 295 324 292 275 247 330 340 341 373 442 410,UP-N,Braeside,20.50,301,286,313,295,324,292,275,247,330,340,341,373,442,410,42.13585,-87.757635,36%,24%,,,,
NCS VernonHills 33.0 0 0 0 0 0 0 0 231 272 284 353 435 370 409,NCS,VernonHills,33.00,0,0,0,0,0,0,0,231,272,284,353,435,370,409,42.215813,-87.964241,#DIV/0!,50%,,,,
SWS Worth 18.2 204 234 335 413 417 413 480 547 557 450 445 430 419 406,SWS,Worth,18.20,204,234,335,413,417,413,480,547,557,450,445,430,419,406,41.691253,-87.796121,99%,-27%,,,,
UP-N HubbardWoods 17.7 511 480 502 480 470 444 428 456 441 397 371 245 374 396,UP-N,HubbardWoods,17.70,511,480,502,480,470,444,428,456,441,397,371,245,374,396,42.105287,-87.732591,-23%,-10%,,,,
MD-N RoundLake 44.0 317 333 356 406 371 428 487 498 534 566 710 513 417 395,MD-N,RoundLake,44.00,317,333,356,406,371,428,487,498,534,566,710,513,417,395,42.354344,-88.094359,25%,-26%,,,,
RI-Branch 107thStBeverlyHills 13.3 435 494 626 754 681 655 588 544 628 668 617 413 451 395,RI-Branch,107thStBeverlyHills,13.30,435,494,626,754,681,655,588,544,628,668,617,413,451,395,41.698762,-87.669607,-9%,-37%,,,,
MD-W FranklinPark 13.2 446 464 533 553 490 506 547 496 499 506 461 399 458 392,MD-W,FranklinPark,13.20,446,464,533,553,490,506,547,496,499,506,461,399,458,392,41.936084,-87.866606,-12%,-21%,,,,
MD-W ElmwoodPark 10.2 466 521 483 436 400 408 471 473 471 405 392 396 405 388,MD-W,ElmwoodPark,10.20,466,521,483,436,400,408,471,473,471,405,392,396,405,388,41.924335,-87.81515,-17%,-18%,,,,
UP-N IndianHill 15.8 356 349 407 395 396 372 372 375 378 368 362 201 382 387,UP-N,IndianHill,15.80,356,349,407,395,396,372,372,375,378,368,362,201,382,387,42.086539,-87.716637,9%,2%,,,,
MD-N ForestGlen 10.2 73 75 102 124 155 197 232 239 320 332 331 351 343 376,MD-N,ForestGlen,10.20,73,75,102,124,155,197,232,239,320,332,331,351,343,376,41.977593,-87.755938,415%,18%,,,,
SWS ChicagoRidge 16.8 227 257 425 466 447 455 474 520 485 372 406 332 339 372,SWS,ChicagoRidge,16.80,227,257,425,466,447,455,474,520,485,372,406,332,339,372,41.703408,-87.780107,64%,-23%,,,,
ME-Main MuseumCampus/11thSt. 1.4 365 450 234 270 297 405 375 374 525 348 443 429 484 370,ME-Main,MuseumCampus/11thSt.,1.40,365,450,234,270,297,405,375,374,525,348,443,429,484,370,41.869113,-87.621269,1%,-30%,,,,
BNSF CongressPark 13.1 129 168 149 116 105 107 113 126 86 118 176 250 290 368,BNSF,CongressPark,13.10,129,168,149,116,105,107,113,126,86,118,176,250,290,368,41.818747,-87.857763,185%,328%,282,,,
MD-N PrairieCrossing 39.2 0 0 0 0 0 0 0 0 0 0 344 451 422 368,MD-N,PrairieCrossing,39.20,0,0,0,0,0,0,0,0,0,0,344,451,422,368,42.320646,-88.015264,#DIV/0!,#DIV/0!,,,,
RI-Branch 91stStBeverlyHills 11.3 478 561 604 706 645 714 716 608 641 542 437 359 364 368,RI-Branch,91stStBeverlyHills,11.30,478,561,604,706,645,714,716,608,641,542,437,359,364,368,41.727913,-87.66703,-23%,-43%,,,,
UP-NW NorwoodPark 11.4 218 195 170 244 239 307 320 273 329 269 289 350 359 365,UP-NW,NorwoodPark,11.40,218,195,170,244,239,307,320,273,329,269,289,350,359,365,41.980213,-87.777514,67%,11%,,,,
MD-N Grayland 8.2 78 109 83 94 119 198 207 213 263 282 318 314 339 357,MD-N,Grayland,8.20,78,109,83,94,119,198,207,213,263,282,318,314,339,357,41.948873,-87.73963,358%,36%,,,,
MD-N Golf 16.2 131 143 181 158 267 288 271 309 326 264 315 201 375 355,MD-N,Golf,16.20,131,143,181,158,267,288,271,309,326,264,315,201,375,355,42.058003,-87.796493,171%,9%,,,,
NCS Wheeling 27.2 0 0 0 0 0 0 0 245 282 235 306 333 353 348,NCS,Wheeling,27.20,0,0,0,0,0,0,0,245,282,235,306,333,353,348,42.13647,-87.926562,#DIV/0!,23%,,,,
UP-N KenoshaWisconsin 51.5 142 169 208 207 296 308 264 306 301 341 431 358 276 345,UP-N,KenoshaWisconsin,51.50,142,169,208,207,296,308,264,306,301,341,431,358,276,345,42.482524,-87.815811,143%,15%,,,,
HC Lockport 32.9 55 67 79 100 92 123 128 182 201 303 552 352 412 344,HC,Lockport,32.90,55,67,79,100,92,123,128,182,201,303,552,352,412,344,41.585161,-88.060425,525%,71%,,,,
UP-W Elburn 43.6 0 0 0 0 0 0 0 0 0 0 255 345 307 336,UP-W,Elburn,43.60,0,0,0,0,0,0,0,0,0,0,255,345,307,336,41.887027,-88.411616,#DIV/0!,#DIV/0!,,,,
UP-N Ravinia 21.5 366 339 366 386 346 327 416 362 347 330 332 238 295 326,UP-N,Ravinia,21.50,366,339,366,386,346,327,416,362,347,330,332,238,295,326,42.153145,-87.771948,-11%,-6%,,,,
MD-N Healy 6.4 226 244 227 239 216 256 252 259 272 309 342 322 345 323,MD-N,Healy,6.40,226,244,227,239,216,256,252,259,272,309,342,322,345,323,41.924419,-87.727227,43%,19%,,,,
MD-W WesternAvenue 2.9 158 174 135 188 229 170 224 267 300 301 372 348 350 323,MD-W,WesternAvenue,2.90,158,174,135,188,229,170,224,267,300,301,372,348,350,323,41.889417,-87.688432,104%,8%,,,,
MD-N FoxLake 49.5 405 457 445 495 433 443 500 558 547 475 632 442 356 322,MD-N,FoxLake,49.50,405,457,445,495,433,443,500,558,547,475,632,442,356,322,42.397957,-88.182577,-20%,-41%,,,,
RI-Main Gresham 9.8 49 81 179 385 363 526 552 650 690 599 537 395 318 313,RI-Main,Gresham,9.80,49,81,179,385,363,526,552,650,690,599,537,395,318,313,41.83139,-87.629137,539%,-55%,,,,
BNSF WestHinsdale 17.8 338 411 468 439 340 367 409 374 378 317 323 351 376 306,BNSF,WestHinsdale,17.80,338,411,468,439,340,367,409,374,378,317,323,351,376,306,41.799263,-87.945412,-9%,-19%,-72,,,
NCS ProspectHeights 24.0 0 0 0 0 0 0 0 192 228 240 245 277 266 304,NCS,ProspectHeights,24.00,0,0,0,0,0,0,0,192,228,240,245,277,266,304,42.092554,-87.907507,#DIV/0!,33%,,,,
MD-W MontClare 9.5 314 313 427 464 474 548 478 467 440 393 361 291 335 303,MD-W,MontClare,9.50,314,313,427,464,474,548,478,467,440,393,361,291,335,303,41.921397,-87.802362,-4%,-31%,,,,
UP-W LaFox 40.9 0 0 0 0 0 0 0 0 0 0 261 313 276 295,UP-W,LaFox,40.90,0,0,0,0,0,0,0,0,0,0,261,313,276,295,41.881289,-88.310416,#DIV/0!,#DIV/0!,,,,
MD-N Mayfair 9.0 53 66 78 72 109 136 136 154 239 254 317 340 284 281,MD-N,Mayfair,9.00,53,66,78,72,109,136,136,154,239,254,317,340,284,281,41.959724,-87.746582,430%,18%,,,,
NCS Mundelein 36.9 0 0 0 0 0 0 0 223 227 235 283 304 277 276,NCS,Mundelein,36.90,0,0,0,0,0,0,0,223,227,235,283,304,277,276,42.266956,-87.997463,#DIV/0!,22%,,,,
UP-NW Woodstock 51.6 166 183 308 289 327 365 357 314 349 415 456 437 317 273,UP-NW,Woodstock,51.60,166,183,308,289,327,365,357,314,349,415,456,437,317,273,42.343246,-88.276548,64%,-22%,,,,
RI-Branch 119thStreet 14.8 424 499 484 539 484 406 390 370 375 405 326 327 279 269,RI-Branch,119thStreet,14.80,424,499,484,539,484,406,390,370,375,405,326,327,279,269,41.676445,-87.672222,-37%,-28%,,,,
RI-Branch Brainerd 10.6 123 262 213 288 293 297 316 301 375 499 448 322 303 265,RI-Branch,Brainerd,10.60,123,262,213,288,293,297,316,301,375,499,448,322,303,265,41.732031,-87.658963,115%,-29%,,,,
UP-NW Harvard 63.1 84 104 112 140 170 181 235 203 222 259 274 275 221 265,UP-NW,Harvard,63.10,84,104,112,140,170,181,235,203,222,259,274,275,221,265,42.363695,-88.510458,215%,19%,,,,
UP-N GreatLakes 32.0 76 93 96 109 98 186 110 118 153 156 306 264 293 262,UP-N,GreatLakes,32.00,76,93,96,109,98,186,110,118,153,156,306,264,293,262,42.279523,-87.846296,245%,71%,,,,
ME-Main HazelCrest 22.3 610 740 792 779 817 802 772 675 697 608 518 379 412 261,ME-Main,HazelCrest,22.30,610,740,792,779,817,802,772,675,697,608,518,379,412,261,41.580607,-87.658369,-57%,-63%,,,,
SWS Wrightwood 11.9 130 138 220 238 210 194 147 174 197 152 296 294 226 261,SWS,Wrightwood,11.90,130,138,220,238,210,194,147,174,197,152,296,294,226,261,41.748759,-87.70334,101%,32%,,,,
UP-N FortSheridan 25.7 311 313 394 354 338 279 296 276 276 285 279 266 274 259,UP-N,FortSheridan,25.70,311,313,394,354,338,279,296,276,276,285,279,266,274,259,42.203516,-87.810192,-17%,-6%,,,,
MD-W Galewood 8.6 202 212 244 287 262 343 347 323 336 324 265 260 279 246,MD-W,Galewood,8.60,202,212,244,287,262,343,347,323,336,324,265,260,279,246,41.916136,-87.785378,22%,-27%,,,,
RI-Main 35thSt 3.1 0 0 0 0 0 0 0 0 0 0 0 249 227 245,RI-Main,35thSt,3.10,0,0,0,0,0,0,0,0,0,0,0,249,227,245,41.875391,-87.631879,#DIV/0!,#DIV/0!,,,,
UP-N Highwood 24.5 230 236 261 267 290 290 246 258 270 311 279 314 293 242,UP-N,Highwood,24.50,230,236,261,267,290,290,246,258,270,311,279,314,293,242,42.18329,-87.797197,5%,-10%,,,,
SWS PalosHeights 19.2 0 0 0 0 0 0 0 0 0 0 281 254 238 232,SWS,PalosHeights,19.20,0,0,0,0,0,0,0,0,0,0,281,254,238,232,41.6817,-87.807261,#DIV/0!,#DIV/0!,,,,
SWS Ashburn 12.6 244 299 322 424 408 372 322 344 312 353 321 255 218 229,SWS,Ashburn,12.60,244,299,322,424,408,372,322,344,312,353,321,255,218,229,41.740778,-87.713337,-6%,-27%,,,,
HC Joliet 37.2 106 138 149 192 130 100 139 171 253 313 395 244 209 220,HC,Joliet,37.20,106,138,149,192,130,100,139,171,253,313,395,244,209,220,41.524253,-88.079127,108%,-13%,,,,
SWS OrlandPark179th 28.9 0 0 0 0 0 0 67 79 97 166 209 190 201 208,SWS,OrlandPark179th,28.90,0,0,0,0,0,0,67,79,97,166,209,190,201,208,41.563719,-87.902191,#DIV/0!,114%,,,,
BNSF Highlands 16.4 210 231 256 202 207 223 269 238 228 213 176 167 203 202,BNSF,Highlands,16.40,210,231,256,202,207,223,269,238,228,213,176,167,203,202,41.805173,-87.917959,-4%,-11%,-26,,,
ME-BI BlueIsland 18.9 393 336 366 323 359 416 303 266 264 237 324 169 181 197,ME-BI,BlueIsland,18.90,393,336,366,323,359,416,303,266,264,237,324,169,181,197,41.655645,-87.675912,-50%,-25%,,,,
NCS Antioch 52.8 0 0 0 0 0 0 0 124 141 169 262 227 184 192,NCS,Antioch,52.80,0,0,0,0,0,0,0,124,141,169,262,227,184,192,42.48108,-88.091877,#DIV/0!,36%,,,,
NCS RiverGrove 11.4 0 0 0 0 0 0 0 138 176 172 124 168 174 189,NCS,RiverGrove,11.40,0,0,0,0,0,0,0,138,176,172,124,168,174,189,41.931321,-87.836019,#DIV/0!,7%,,,,
UP-NW GladstonePark 10.1 81 81 67 94 97 138 119 111 129 124 103 169 195 180,UP-NW,GladstonePark,10.10,81,81,67,94,97,138,119,111,129,124,103,169,195,180,41.972158,-87.763063,122%,40%,,,,
BNSF LaVergne 9.1 235 267 346 289 254 276 227 221 229 201 159 191 187 174,BNSF,LaVergne,9.10,235,267,346,289,254,276,227,221,229,201,159,191,187,174,41.83557,-87.783759,-26%,-24%,-55,,,
UP-N NorthChicago 33.7 175 158 145 179 165 139 192 220 200 190 191 232 170 170,UP-N,NorthChicago,33.70,175,158,145,179,165,139,192,220,200,190,191,232,170,170,42.307337,-87.846147,-3%,-15%,,,,
ME-Main 63rdStreet 7.9 109 74 99 29 64 87 77 85 82 84 261 154 299 167,ME-Main,63rdStreet,7.90,109,74,99,29,64,87,77,85,82,84,261,154,299,167,41.779169,-87.590456,53%,104%,,,,
HC Romeoville 29.3 0 0 0 0 0 0 0 0 0 0 0 0 0 148,HC,Romeoville,29.30,0,0,0,0,0,0,0,0,0,0,0,0,0,148,41.63715,-88.048964,#DIV/0!,#DIV/0!,,,,
HC WillowSprings 17.5 84 96 136 142 134 115 82 67 82 142 97 95 115 148,HC,WillowSprings,17.50,84,96,136,142,134,115,82,67,82,142,97,95,115,148,41.733218,-87.878449,76%,80%,,,,
ME-Main Riverdale 17.3 747 794 698 661 602 604 568 533 580 500 397 201 180 146,ME-Main,Riverdale,17.30,747,794,698,661,602,604,568,533,580,500,397,201,180,146,41.646326,-87.622814,-80%,-75%,,,,
UP-W Berkeley 14.3 201 207 246 248 221 201 201 205 194 162 176 161 140 145,UP-W,Berkeley,14.30,201,207,246,248,221,201,201,205,194,162,176,161,140,145,41.891452,-87.881089,-28%,-25%,,,,
UP-W Bellwood 12.6 248 225 214 202 196 205 173 196 205 221 215 165 148 145,UP-W,Bellwood,12.60,248,225,214,202,196,205,173,196,205,221,215,165,148,145,41.890513,-87.855576,-42%,-29%,,,,
MD-W RiverGrove 11.4 222 254 222 238 244 244 285 186 184 164 174 142 142 144,MD-W,RiverGrove,11.40,222,254,222,238,244,244,285,186,184,164,174,142,142,144,41.930529,-87.836522,-35%,-22%,,,,
MD-W Mars 9.1 75 80 114 117 117 129 132 117 128 109 110 115 142 144,MD-W,Mars,9.10,75,80,114,117,117,129,132,117,128,109,110,115,142,144,41.91881,-87.794798,92%,13%,,,,
BNSF Cicero 7.0 276 232 213 245 182 225 249 208 256 281 246 196 185 136,BNSF,Cicero,7.00,276,232,213,245,182,225,249,208,256,281,246,196,185,136,41.844105,-87.745085,-51%,-47%,-120,,,
RI-Branch 115thStMorganPark 14.3 215 227 298 355 338 320 267 223 265 269 279 173 170 136,RI-Branch,115thStMorganPark,14.30,215,227,298,355,338,320,267,223,265,269,279,173,170,136,41.684522,-87.671675,-37%,-49%,,,,
NCS LakeVilla 48.2 0 0 0 0 0 0 0 87 108 143 150 176 148 130,NCS,LakeVilla,48.20,0,0,0,0,0,0,0,87,108,143,150,176,148,130,42.417477,-88.07893,#DIV/0!,20%,,,,
"ME-Main McCormickPlace 2.7 171 199 175 140 139 113 85 1,000 750 118 137 92 108 124",ME-Main,McCormickPlace,2.70,171,199,175,140,139,113,85,1000,750,118,137,92,108,124,41.853212,-87.615712,-27%,-83%,,,,
ME-SC SouthShore 10.3 349 387 338 372 458 414 395 445 442 428 278 179 182 121,ME-SC,SouthShore,10.30,349,387,338,372,458,414,395,445,442,428,278,179,182,121,41.765375,-87.565031,-65%,-73%,,,,
BNSF HollywoodZooStop 11.8 152 147 170 160 116 123 174 133 144 129 133 95 120 120,BNSF,HollywoodZooStop,11.80,152,147,170,160,116,123,174,133,144,129,133,95,120,120,41.824105,-87.834064,-21%,-17%,-24,,,
BNSF HalstedStreet 1.8 36 52 37 30 34 24 22 21 14 41 70 92 120 115,BNSF,HalstedStreet,1.80,36,52,37,30,34,24,22,21,14,41,70,92,120,115,41.860349,-87.647425,219%,721%,101,,,
NCS O'HareTransfer 17.1 0 0 0 0 0 0 0 68 83 55 106 144 123 113,NCS,O'HareTransfer,17.10,0,0,0,0,0,0,0,68,83,55,106,144,123,113,41.995067,-87.880174,#DIV/0!,36%,,,,
NCS RoundLakeBeach 45.9 0 0 0 0 0 0 0 111 130 157 154 157 115 111,NCS,RoundLakeBeach,45.90,0,0,0,0,0,0,0,111,130,157,154,157,115,111,42.38508,-88.064985,#DIV/0!,-15%,,,,
UP-N Zion 42.1 81 67 85 78 92 100 94 91 93 103 152 155 124 110,UP-N,Zion,42.10,81,67,85,78,92,100,94,91,93,103,152,155,124,110,42.360745,-87.827636,36%,18%,,,,
ME-SC 87thStreet 12.5 211 272 303 377 339 272 260 244 267 245 189 117 90 106,ME-SC,87thStreet,12.50,211,272,303,377,339,272,260,244,267,245,189,117,90,106,41.738257,-87.547736,-50%,-60%,,,,
HC Summit 11.9 44 73 107 109 144 123 74 62 66 79 64 86 100 101,HC,Summit,11.90,44,73,107,109,144,123,74,62,66,79,64,86,100,101,41.795142,-87.809981,130%,53%,,,,
RI-Main 103rdStWashingtonHts 12.0 80 74 95 138 216 217 197 198 220 249 219 168 107 101,RI-Main,103rdStWashingtonHts,12.00,80,74,95,138,216,217,197,198,220,249,219,168,107,101,41.720856,-87.64971,26%,-54%,,,,
ME-SC StonyIsland 9.1 175 182 192 247 263 210 201 221 235 236 197 161 109 99,ME-SC,StonyIsland,9.10,175,182,192,247,263,210,201,221,235,236,197,161,109,99,41.765759,-87.58739,-43%,-58%,,,,
ME-BI AshlandAvenue 17.9 166 123 176 154 147 167 138 137 132 137 165 98 111 97,ME-BI,AshlandAvenue,17.90,166,123,176,154,147,167,138,137,132,137,165,98,111,97,41.669086,-87.660731,-42%,-27%,,,,
ME-Main 47thStKenwood 5.9 18 31 35 69 55 80 106 93 81 72 113 94 82 94,ME-Main,47thStKenwood,5.90,18,31,35,69,55,80,106,93,81,72,113,94,82,94,41.810012,-87.590821,422%,16%,,,,
MD-N LongLake 46.0 45 62 59 75 93 73 58 95 83 102 133 105 96 93,MD-N,LongLake,46.00,45,62,59,75,93,73,58,95,83,102,133,105,96,93,42.367695,-88.128026,107%,12%,,,,
ME-BI BurrOak 18.4 350 279 325 367 307 283 251 212 221 179 156 124 117 89,ME-BI,BurrOak,18.40,350,279,325,367,307,283,251,212,221,179,156,124,117,89,41.662089,-87.668885,-75%,-60%,,,,
NCS PrairieCrossing/Libertyville 40.7 0 0 0 0 0 0 0 38 54 76 117 125 102 87,NCS,PrairieCrossing/Libertyville,40.70,0,0,0,0,0,0,0,38,54,76,117,125,102,87,42.318636,-88.017371,#DIV/0!,61%,,,,
UP-W Maywood 10.5 87 96 115 73 88 117 132 95 84 93 97 81 82 87,UP-W,Maywood,10.50,87,96,115,73,88,117,132,95,84,93,97,81,82,87,41.886587,-87.825036,0%,4%,,,,
NCS WashingtonSt./Grayslake 43.9 0 0 0 0 0 0 0 0 0 0 109 122 110 86,NCS,WashingtonSt./Grayslake,43.90,0,0,0,0,0,0,0,0,0,0,109,122,110,86,42.359446,-88.049987,#DIV/0!,#DIV/0!,,,,
UP-W MelrosePark 11.3 101 112 143 146 112 166 168 117 149 109 100 103 87 86,UP-W,MelrosePark,11.30,101,112,143,146,112,166,168,117,149,109,100,103,87,86,41.888125,-87.83875,-15%,-42%,,,,
NCS WesternAvenue 2.9 0 0 0 0 0 0 0 25 43 42 35 92 53 85,NCS,WesternAvenue,2.90,0,0,0,0,0,0,0,25,43,42,35,92,53,85,41.88878,-87.688326,#DIV/0!,98%,,,,
UP-NW McHenry 50.6 101 74 199 115 131 179 162 154 159 140 101 114 96 85,UP-NW,McHenry,50.60,101,74,199,115,131,179,162,154,159,140,101,114,96,85,42.244221,-88.316958,-16%,-47%,,,,
MD-W Grand/Cicero 6.5 0 0 0 0 0 0 0 0 0 0 0 106 96 80,MD-W,Grand/Cicero,6.50,0,0,0,0,0,0,0,0,0,0,0,106,96,80,41.914164,-87.746293,#DIV/0!,#DIV/0!,,,,
ME-SC 83rdStreet 12.0 417 475 505 511 486 429 415 417 450 405 217 113 103 74,ME-SC,83rdStreet,12.00,417,475,505,511,486,429,415,417,450,405,217,113,103,74,41.745302,-87.550955,-82%,-84%,,,,
ME-SC BrynMawr 9.7 153 190 153 171 203 232 236 265 294 225 184 88 112 73,ME-SC,BrynMawr,9.70,153,190,153,171,203,232,236,265,294,225,184,88,112,73,41.76656,-87.577176,-52%,-75%,,,,
ME-SC WindsorPark 10.9 266 378 293 381 353 274 261 289 325 313 192 100 95 68,ME-SC,WindsorPark,10.90,266,378,293,381,353,274,261,289,325,313,192,100,95,68,41.758301,-87.559881,-74%,-79%,,,,
RI-Main Robbins 17.2 27 60 53 72 111 135 142 119 94 113 152 77 89 65,RI-Main,Robbins,17.20,27,60,53,72,111,135,142,119,94,113,152,77,89,65,41.640659,-87.693751,141%,-31%,,,,
RI-Main 95thStreetLongwood 10.9 27 54 91 103 120 127 134 111 140 133 147 85 60 64,RI-Main,95thStreetLongwood,10.90,27,54,91,103,120,127,134,111,140,133,147,85,60,64,41.737177,-87.643871,137%,-54%,,,,
MD-N Ingleside 47.8 15 22 23 25 48 39 27 50 75 104 150 89 74 63,MD-N,Ingleside,47.80,15,22,23,25,48,39,27,50,75,104,150,89,74,63,42.38363,-88.153463,320%,-16%,,,,
UP-N WinthropHarbor 44.5 21 18 24 17 28 34 57 47 49 77 79 70 61 59,UP-N,WinthropHarbor,44.50,21,18,24,17,28,34,57,47,49,77,79,70,61,59,42.449611,-87.817364,181%,20%,,,,
MD-W HansonPark 7.7 54 63 42 43 63 49 53 76 54 53 54 46 60 58,MD-W,HansonPark,7.70,54,63,42,43,63,49,53,76,54,53,54,46,60,58,41.916423,-87.766957,7%,7%,,,,
BNSF WesternAvenue 3.8 116 115 95 109 77 80 92 94 92 77 110 78 69 57,BNSF,WesternAvenue,3.80,116,115,95,109,77,80,92,94,92,77,110,78,69,57,41.857528,-87.685371,-51%,-38%,-35,,,
ME-Main 87thStWoodruff 10.9 41 41 57 65 48 64 101 76 93 48 64 56 41 56,ME-Main,87thStWoodruff,10.90,41,41,57,65,48,64,101,76,93,48,64,56,41,56,41.737722,-87.600841,37%,-40%,,,,
ME-Main 83rdStAvalonPark 10.4 46 57 48 67 72 77 82 97 102 95 103 50 40 56,ME-Main,83rdStAvalonPark,10.40,46,57,48,67,72,77,82,97,102,95,103,50,40,56,41.74403,-87.599683,22%,-45%,,,,
RI-Branch 123rdStreet 15.2 65 70 71 75 56 82 73 81 61 67 96 53 45 53,RI-Branch,123rdStreet,15.20,65,70,71,75,56,82,73,81,61,67,96,53,45,53,41.670419,-87.673359,-18%,-13%,,,,
ME-Main 79thStChatham 10.0 70 65 113 103 105 144 122 157 134 120 119 57 59 50,ME-Main,79thStChatham,10.00,70,65,113,103,105,144,122,157,134,120,119,57,59,50,41.750338,-87.598095,-29%,-63%,,,,
ME-SC Cheltenham79thSt. 11.5 232 284 236 258 288 207 192 172 232 174 114 79 55 47,ME-SC,Cheltenham79thSt.,11.50,232,284,236,258,288,207,192,172,232,174,114,79,55,47,41.752442,-87.552414,-80%,-80%,,,,
ME-BI StateStreet 15.6 51 81 91 81 104 87 86 94 103 72 85 54 30 41,ME-BI,StateStreet,15.60,51,81,91,81,104,87,86,94,103,72,85,54,30,41,41.674319,-87.621366,-20%,-60%,,,,
NCS SchillerPark 14.8 0 0 0 0 0 0 0 0 0 0 29 29 36 41,NCS,SchillerPark,14.80,0,0,0,0,0,0,0,0,0,0,29,29,36,41,41.961915,-87.870523,#DIV/0!,#DIV/0!,,,,
UP-W Kedzie 3.6 42 33 31 38 44 42 32 44 18 36 22 56 52 41,UP-W,Kedzie,3.60,42,33,31,38,44,42,32,44,18,36,22,56,52,41,,,-2%,128%,,,,
ME-Main 103rdStRosemoor 13.0 17 27 51 74 91 76 77 96 67 82 70 43 37 36,ME-Main,103rdStRosemoor,13.00,17,27,51,74,91,76,77,96,67,82,70,43,37,36,41.706523,-87.608738,112%,-46%,,,,
MD-W Mannheim 14.0 49 45 31 38 48 48 27 32 39 13 37 30 31 35,MD-W,Mannheim,14.00,49,45,31,38,48,48,27,32,39,13,37,30,31,35,41.942117,-87.883171,-29%,-10%,,,,
ME-Main 111thStPullman 14.0 46 48 42 57 53 48 41 64 45 22 27 19 24 31,ME-Main,111thStPullman,14.00,46,48,42,57,53,48,41,64,45,22,27,19,24,31,41.692328,-87.611184,-33%,-31%,,,,
RI-Branch PrairieStreet 15.8 79 82 90 91 85 70 65 59 41 43 44 46 20 30,RI-Branch,PrairieStreet,15.80,79,82,90,91,85,70,65,59,41,43,44,46,20,30,41.662396,-87.675172,-62%,-27%,,,,
ME-BI RacineAvenue 17.0 41 32 42 71 63 64 76 85 84 43 53 33 31 28,ME-BI,RacineAvenue,17.00,41,32,42,71,63,64,76,85,84,43,53,33,31,28,41.673887,-87.652373,-32%,-67%,,,,
ME-Main 107thStreet 13.5 18 32 37 48 54 39 36 43 46 28 34 31 19 27,ME-Main,107thStreet,13.50,18,32,37,48,54,39,36,43,46,28,34,31,19,27,41.699314,-87.609639,50%,-41%,,,,
NCS Rosemont 15.6 0 0 0 0 0 0 0 0 0 0 23 33 35 27,NCS,Rosemont,15.60,0,0,0,0,0,0,0,0,0,0,23,33,35,27,41.976162,-87.873463,#DIV/0!,#DIV/0!,,,,
ME-Main 95thStChicagoState 12.0 17 24 43 51 47 36 41 58 77 43 49 43 26 24,ME-Main,95thStChicagoState,12.00,17,24,43,51,47,36,41,58,77,43,49,43,26,24,41.722349,-87.604103,41%,-69%,,,,
NCS BelmontAve./FranklinPark 13.0 0 0 0 0 0 0 0 0 0 0 25 29 32 24,NCS,BelmontAve./FranklinPark,13.00,0,0,0,0,0,0,0,0,0,0,25,29,32,24,41.938567,-87.859837,#DIV/0!,#DIV/0!,,,,
ME-Main 91stStChesterfield 11.4 30 38 35 51 32 36 31 39 32 44 66 26 27 23,ME-Main,91stStChesterfield,11.40,30,38,35,51,32,36,31,39,32,44,66,26,27,23,41.729331,-87.603073,-23%,-28%,,,,
ME-Main 18thStreet 2.2 19 27 11 20 12 27 24 21 29 16 29 41 42 23,ME-Main,18thStreet,2.20,19,27,11,20,12,27,24,21,29,16,29,41,42,23,41.857623,-87.617321,21%,-21%,,,,
ME-BI StewartRidge 16.0 48 68 64 90 86 67 68 84 89 75 61 37 36 19,ME-BI,StewartRidge,16.00,48,68,64,90,86,67,68,84,89,75,61,37,36,19,41.674231,-87.631902,-60%,-79%,,,,
SWS Manhattan 40.8 0 0 0 0 0 0 0 0 0 0 22 29 22 19,SWS,Manhattan,40.80,0,0,0,0,0,0,0,0,0,0,22,29,22,19,41.418205,-87.988639,#DIV/0!,#DIV/0!,,,,
SWS LarawayRoad 35.8 0 0 0 0 0 0 0 0 0 0 11 27 24 19,SWS,LarawayRoad,35.80,0,0,0,0,0,0,0,0,0,0,11,27,24,19,41.484649,-87.960282,#DIV/0!,#DIV/0!,,,,
ME-Main 75thStGrandCrossing 9.3 61 24 29 47 41 37 23 26 26 20 52 15 28 14,ME-Main,75thStGrandCrossing,9.30,61,24,29,47,41,37,23,26,26,20,52,15,28,14,41.759398,-87.596035,-77%,-46%,,,,
ME-BI WestPullman 16.7 57 66 44 36 56 46 57 43 69 34 24 21 22 13,ME-BI,WestPullman,16.70,57,66,44,36,56,46,57,43,69,34,24,21,22,13,41.674039,-87.642577,-77%,-81%,,,,
ME-Main 27thStreet 3.2 77 120 135 139 141 126 125 117 112 97 105 46 30 12,ME-Main,27thStreet,3.20,77,120,135,139,141,126,125,117,112,97,105,46,30,12,41.844277,-87.613008,-84%,-89%,,,,
BNSF Clyde 8.5 131 116 129 128 113 110 89 80 64 71 64 0 0 0,BNSF,Clyde,8.50,131,116,129,128,113,110,89,80,64,71,64,0,0,0,41.838236,-87.773335,-100%,-100%,-64,,,
HC Lockport/5th 32.1 26 14 17 0 0 0 0 0 0 0 0 0 0 0,HC,Lockport/5th,32.10,26,14,17,0,0,0,0,0,0,0,0,0,0,0,41.593701,-88.056202,-100%,#DIV/0!,,,,
HC Glenn 10.3 51 72 93 80 0 0 0 0 0 0 0 0 0 0,HC,Glenn,10.30,51,72,93,80,0,0,0,0,0,0,0,0,0,0,41.81017,-87.76305,-100%,#DIV/0!,,,,
HC BrightonPark 5.2 3 0 0 0 0 0 0 0 0 0 0 0 0 0,HC,BrightonPark,5.20,3,0,0,0,0,0,0,0,0,0,0,0,0,0,41.82662,-87.692253,-100%,#DIV/0!,,,,
HC Halsted 2.6 2 0 0 0 0 0 0 0 0 0 0 0 0 0,HC,Halsted,2.60,2,0,0,0,0,0,0,0,0,0,0,0,0,0,41.847134,-87.648697,-100%,#DIV/0!,,,,
MD-N WilsonRoad 47.0 14 0 0 0 0 0 0 0 0 0 0 0 0 0,MD-N,WilsonRoad,47.00,14,0,0,0,0,0,0,0,0,0,0,0,0,0,42.374297,-88.140236,-100%,#DIV/0!,,,,
MD-N Rondout 32.3 17 0 0 0 0 0 0 0 0 0 0 0 0 0,MD-N,Rondout,32.30,17,0,0,0,0,0,0,0,0,0,0,0,0,0,42.279905,-87.897155,-100%,#DIV/0!,,,,
MD-W Cragin 7.0 111 104 61 54 44 53 39 53 38 29 37 0 0 0,MD-W,Cragin,7.00,111,104,61,54,44,53,39,53,38,29,37,0,0,0,41.915092,-87.752524,-100%,-100%,,,,
MD-W Hermosa 5.9 101 90 79 68 74 69 62 53 44 50 35 0 0 0,MD-W,Hermosa,5.90,101,90,79,68,74,69,62,53,44,50,35,0,0,0,41.913466,-87.731311,-100%,-100%,,,,
ME-Main 67thSt. 8.3 24 0 0 0 0 0 0 0 0 0 0 0 0 0,ME-Main,67thSt.,8.30,24,0,0,0,0,0,0,0,0,0,0,0,0,0,41.773318,-87.592392,-100%,#DIV/0!,,,,
RI-Main Givens 12.9 27 0 0 0 0 0 0 0 0 0 0 0 0 0,RI-Main,Givens,12.90,27,0,0,0,0,0,0,0,0,0,0,0,0,0,41.705274,-87.655808,-100%,#DIV/0!,,,,
RI-Main 99thStreetLongwood 11.4 24 25 0 0 0 0 0 0 0 0 0 0 0 0,RI-Main,99thStreetLongwood,11.40,24,25,0,0,0,0,0,0,0,0,0,0,0,0,41.721433,-87.649747,-100%,#DIV/0!,,,,
SWS WesternAvenue 10.7 19 0 0 0 0 0 0 0 0 0 0 0 0 0,SWS,WesternAvenue,10.70,19,0,0,0,0,0,0,0,0,0,0,0,0,0,41.757539,-87.68346,-100%,#DIV/0!,,,,
Totals,Total,All,,19,0,0,0,0,0,0,0,0,0,0,0,0,0,42.585924,-87.825536,-100%,#DIV/0!,,,,
UP-N AbbottPlatform 34.0 14 20 0 0 0 0 0 0 0 0 0 0 0 0,UP-N,AbbottPlatform,34.00,14,20,0,0,0,0,0,0,0,0,0,0,0,0,42.328381,-87.836953,-100%,#DIV/0!,,,,
UP-NW Hartland 56.0 7 0 0 0 0 0 0 0 0 0 0 0 0 0,UP-NW,Hartland,56.00,7,0,0,0,0,0,0,0,0,0,0,0,0,0,42.317138,-88.447239,-100%,#DIV/0!,,,,
